{
  "latitude": 37.501311,
  "longitude": 127.037471,
  "timezone": "Asia/Seoul",
  "currently": {
    "time": 1545119550,
    "summary": "Mostly Cloudy",
    "icon": "partly-cloudy-day",
    "precipIntensity": 0,
    "precipProbability": 0,
    "temperature": 43.98,
    "apparentTemperature": 38.4,
    "dewPoint": 24.44,
    "humidity": 0.46,
    "pressure": 1019.79,
    "windSpeed": 10.45,
    "windGust": 10.45,
    "windBearing": 207,
    "cloudCover": 0.61,
    "uvIndex": 0,
    "visibility": 7.47,
    "ozone": 323.69
  },
  "hourly": {
    "summary": "Partly cloudy until tomorrow afternoon.",
    "icon": "partly-cloudy-night",
    "data": [
      {
        "time": 1545116400,
        "summary": "Mostly Cloudy",
        "icon": "partly-cloudy-day",
        "precipIntensity": 0,
        "precipProbability": 0,
        "temperature": 46,
        "apparentTemperature": 41.6,
        "dewPoint": 24.82,
        "humidity": 0.43,
        "pressure": 1019.61,
        "windSpeed": 8.68,
        "windGust": 11,
        "windBearing": 252,
        "cloudCover": 0.61,
        "uvIndex": 0,
        "visibility": 6.28,
        "ozone": 325.98
      },
      {
        "time": 1545120000,
        "summary": "Mostly Cloudy",
        "icon": "partly-cloudy-day",
        "precipIntensity": 0,
        "precipProbability": 0,
        "temperature": 43.69,
        "apparentTemperature": 37.8,
        "dewPoint": 24.38,
        "humidity": 0.46,
        "pressure": 1019.81,
        "windSpeed": 11.1,
        "windGust": 11.1,
        "windBearing": 203,
        "cloudCover": 0.61,
        "uvIndex": 0,
        "visibility": 7.64,
        "ozone": 323.36
      },
      {
        "time": 1545123600,
        "summary": "Partly Cloudy",
        "icon": "partly-cloudy-night",
        "precipIntensity": 0,
        "precipProbability": 0,
        "temperature": 40.48,
        "apparentTemperature": 35.05,
        "dewPoint": 23.69,
        "humidity": 0.51,
        "pressure": 1019.94,
        "windSpeed": 8.24,
        "windGust": 8.24,
        "windBearing": 226,
        "cloudCover": 0.5,
        "uvIndex": 0,
        "visibility": 10,
        "ozone": 321.21
      },
      {
        "time": 1545127200,
        "summary": "Partly Cloudy",
        "icon": "partly-cloudy-night",
        "precipIntensity": 0,
        "precipProbability": 0,
        "temperature": 37.77,
        "apparentTemperature": 33.51,
        "dewPoint": 23.56,
        "humidity": 0.56,
        "pressure": 1019.87,
        "windSpeed": 5.43,
        "windGust": 5.43,
        "windBearing": 237,
        "cloudCover": 0.43,
        "uvIndex": 0,
        "visibility": 10,
        "ozone": 319.97
      },
      {
        "time": 1545130800,
        "summary": "Partly Cloudy",
        "icon": "partly-cloudy-night",
        "precipIntensity": 0.0003,
        "precipProbability": 0.01,
        "precipAccumulation": 0,
        "precipType": "snow",
        "temperature": 35.77,
        "apparentTemperature": 31.82,
        "dewPoint": 24.25,
        "humidity": 0.63,
        "pressure": 1019.74,
        "windSpeed": 4.63,
        "windGust": 5.11,
        "windBearing": 235,
        "cloudCover": 0.47,
        "uvIndex": 0,
        "visibility": 10,
        "ozone": 319.21
      },
      {
        "time": 1545134400,
        "summary": "Partly Cloudy",
        "icon": "partly-cloudy-night",
        "precipIntensity": 0.0005,
        "precipProbability": 0.01,
        "precipAccumulation": 0.004,
        "precipType": "snow",
        "temperature": 34.69,
        "apparentTemperature": 30.27,
        "dewPoint": 24.93,
        "humidity": 0.67,
        "pressure": 1019.62,
        "windSpeed": 4.96,
        "windGust": 5.5,
        "windBearing": 221,
        "cloudCover": 0.52,
        "uvIndex": 0,
        "visibility": 10,
        "ozone": 319.08
      },
      {
        "time": 1545138000,
        "summary": "Partly Cloudy",
        "icon": "partly-cloudy-night",
        "precipIntensity": 0.0003,
        "precipProbability": 0.01,
        "precipAccumulation": 0,
        "precipType": "snow",
        "temperature": 33.98,
        "apparentTemperature": 29.67,
        "dewPoint": 24.83,
        "humidity": 0.69,
        "pressure": 1019.58,
        "windSpeed": 4.7,
        "windGust": 5.21,
        "windBearing": 189,
        "cloudCover": 0.45,
        "uvIndex": 0,
        "visibility": 10,
        "ozone": 320.07
      },
      {
        "time": 1545141600,
        "summary": "Partly Cloudy",
        "icon": "partly-cloudy-night",
        "precipIntensity": 0,
        "precipProbability": 0,
        "temperature": 33.17,
        "apparentTemperature": 29.32,
        "dewPoint": 24.29,
        "humidity": 0.69,
        "pressure": 1019.53,
        "windSpeed": 4.1,
        "windGust": 4.79,
        "windBearing": 313,
        "cloudCover": 0.31,
        "uvIndex": 0,
        "visibility": 10,
        "ozone": 321.58
      },
      {
        "time": 1545145200,
        "summary": "Clear",
        "icon": "clear-night",
        "precipIntensity": 0,
        "precipProbability": 0,
        "temperature": 32,
        "apparentTemperature": 27.79,
        "dewPoint": 23.94,
        "humidity": 0.72,
        "pressure": 1019.53,
        "windSpeed": 4.27,
        "windGust": 4.89,
        "windBearing": 271,
        "cloudCover": 0.19,
        "uvIndex": 0,
        "visibility": 10,
        "ozone": 322.57
      },
      {
        "time": 1545148800,
        "summary": "Clear",
        "icon": "clear-night",
        "precipIntensity": 0,
        "precipProbability": 0,
        "temperature": 31.41,
        "apparentTemperature": 27,
        "dewPoint": 24.21,
        "humidity": 0.74,
        "pressure": 1019.57,
        "windSpeed": 4.37,
        "windGust": 6.11,
        "windBearing": 265,
        "cloudCover": 0.13,
        "uvIndex": 0,
        "visibility": 10,
        "ozone": 322.16
      },
      {
        "time": 1545152400,
        "summary": "Clear",
        "icon": "clear-night",
        "precipIntensity": 0,
        "precipProbability": 0,
        "temperature": 31.21,
        "apparentTemperature": 26.31,
        "dewPoint": 24.49,
        "humidity": 0.76,
        "pressure": 1019.64,
        "windSpeed": 4.84,
        "windGust": 7.85,
        "windBearing": 280,
        "cloudCover": 0.1,
        "uvIndex": 0,
        "visibility": 10,
        "ozone": 321.06
      },
      {
        "time": 1545156000,
        "summary": "Clear",
        "icon": "clear-night",
        "precipIntensity": 0,
        "precipProbability": 0,
        "temperature": 31.01,
        "apparentTemperature": 25.79,
        "dewPoint": 24.6,
        "humidity": 0.77,
        "pressure": 1019.79,
        "windSpeed": 5.14,
        "windGust": 8.96,
        "windBearing": 280,
        "cloudCover": 0.1,
        "uvIndex": 0,
        "visibility": 10,
        "ozone": 320.02
      },
      {
        "time": 1545159600,
        "summary": "Clear",
        "icon": "clear-night",
        "precipIntensity": 0,
        "precipProbability": 0,
        "temperature": 30.62,
        "apparentTemperature": 25.56,
        "dewPoint": 24.5,
        "humidity": 0.78,
        "pressure": 1019.95,
        "windSpeed": 4.89,
        "windGust": 8.92,
        "windBearing": 236,
        "cloudCover": 0.16,
        "uvIndex": 0,
        "visibility": 10,
        "ozone": 319.21
      },
      {
        "time": 1545163200,
        "summary": "Partly Cloudy",
        "icon": "partly-cloudy-night",
        "precipIntensity": 0,
        "precipProbability": 0,
        "temperature": 30.19,
        "apparentTemperature": 25.1,
        "dewPoint": 24.25,
        "humidity": 0.78,
        "pressure": 1020.19,
        "windSpeed": 4.84,
        "windGust": 8.24,
        "windBearing": 355,
        "cloudCover": 0.26,
        "uvIndex": 0,
        "visibility": 10,
        "ozone": 318.29
      },
      {
        "time": 1545166800,
        "summary": "Partly Cloudy",
        "icon": "partly-cloudy-night",
        "precipIntensity": 0,
        "precipProbability": 0,
        "temperature": 29.55,
        "apparentTemperature": 24.67,
        "dewPoint": 23.77,
        "humidity": 0.79,
        "pressure": 1020.51,
        "windSpeed": 4.52,
        "windGust": 7.52,
        "windBearing": 314,
        "cloudCover": 0.32,
        "uvIndex": 0,
        "visibility": 10,
        "ozone": 317.06
      },
      {
        "time": 1545170400,
        "summary": "Partly Cloudy",
        "icon": "partly-cloudy-night",
        "precipIntensity": 0,
        "precipProbability": 0,
        "temperature": 28.36,
        "apparentTemperature": 23.74,
        "dewPoint": 22.59,
        "humidity": 0.79,
        "pressure": 1021.01,
        "windSpeed": 4.11,
        "windGust": 6.82,
        "windBearing": 312,
        "cloudCover": 0.28,
        "uvIndex": 0,
        "visibility": 10,
        "ozone": 314.9
      },
      {
        "time": 1545174000,
        "summary": "Clear",
        "icon": "clear-day",
        "precipIntensity": 0,
        "precipProbability": 0,
        "temperature": 27.91,
        "apparentTemperature": 23.84,
        "dewPoint": 21.09,
        "humidity": 0.75,
        "pressure": 1021.64,
        "windSpeed": 3.6,
        "windGust": 6.1,
        "windBearing": 328,
        "cloudCover": 0.19,
        "uvIndex": 0,
        "visibility": 10,
        "ozone": 312.2
      },
      {
        "time": 1545177600,
        "summary": "Clear",
        "icon": "clear-day",
        "precipIntensity": 0,
        "precipProbability": 0,
        "temperature": 28.91,
        "apparentTemperature": 25.42,
        "dewPoint": 20.15,
        "humidity": 0.69,
        "pressure": 1022.06,
        "windSpeed": 3.28,
        "windGust": 5.87,
        "windBearing": 339,
        "cloudCover": 0.16,
        "uvIndex": 0,
        "visibility": 10,
        "ozone": 309.65
      },
      {
        "time": 1545181200,
        "summary": "Partly Cloudy",
        "icon": "partly-cloudy-day",
        "precipIntensity": 0,
        "precipProbability": 0,
        "temperature": 32.69,
        "apparentTemperature": 29.82,
        "dewPoint": 20.24,
        "humidity": 0.6,
        "pressure": 1022.2,
        "windSpeed": 3.2,
        "windGust": 6.58,
        "windBearing": 331,
        "cloudCover": 0.25,
        "uvIndex": 1,
        "visibility": 10,
        "ozone": 307.17
      },
      {
        "time": 1545184800,
        "summary": "Partly Cloudy",
        "icon": "partly-cloudy-day",
        "precipIntensity": 0,
        "precipProbability": 0,
        "temperature": 37.61,
        "apparentTemperature": 35.3,
        "dewPoint": 20.65,
        "humidity": 0.5,
        "pressure": 1022.19,
        "windSpeed": 3.3,
        "windGust": 7.81,
        "windBearing": 316,
        "cloudCover": 0.39,
        "uvIndex": 2,
        "visibility": 10,
        "ozone": 304.57
      },
      {
        "time": 1545188400,
        "summary": "Partly Cloudy",
        "icon": "partly-cloudy-day",
        "precipIntensity": 0,
        "precipProbability": 0,
        "temperature": 42.06,
        "apparentTemperature": 40.16,
        "dewPoint": 20.9,
        "humidity": 0.42,
        "pressure": 1022.02,
        "windSpeed": 3.51,
        "windGust": 8.77,
        "windBearing": 313,
        "cloudCover": 0.5,
        "uvIndex": 2,
        "visibility": 10,
        "ozone": 302.58
      },
      {
        "time": 1545192000,
        "summary": "Partly Cloudy",
        "icon": "partly-cloudy-day",
        "precipIntensity": 0,
        "precipProbability": 0,
        "temperature": 44.57,
        "apparentTemperature": 42.73,
        "dewPoint": 20.9,
        "humidity": 0.39,
        "pressure": 1021.59,
        "windSpeed": 3.85,
        "windGust": 9.35,
        "windBearing": 324,
        "cloudCover": 0.53,
        "uvIndex": 2,
        "visibility": 10,
        "ozone": 301.36
      },
      {
        "time": 1545195600,
        "summary": "Partly Cloudy",
        "icon": "partly-cloudy-day",
        "precipIntensity": 0,
        "precipProbability": 0,
        "temperature": 46.07,
        "apparentTemperature": 44.12,
        "dewPoint": 20.91,
        "humidity": 0.36,
        "pressure": 1021.05,
        "windSpeed": 4.27,
        "windGust": 9.69,
        "windBearing": 264,
        "cloudCover": 0.53,
        "uvIndex": 2,
        "visibility": 10,
        "ozone": 300.67
      },
      {
        "time": 1545199200,
        "summary": "Partly Cloudy",
        "icon": "partly-cloudy-day",
        "precipIntensity": 0,
        "precipProbability": 0,
        "temperature": 47.24,
        "apparentTemperature": 45.37,
        "dewPoint": 20.92,
        "humidity": 0.35,
        "pressure": 1020.76,
        "windSpeed": 4.41,
        "windGust": 9.35,
        "windBearing": 281,
        "cloudCover": 0.53,
        "uvIndex": 1,
        "visibility": 10,
        "ozone": 299.79
      },
      {
        "time": 1545202800,
        "summary": "Partly Cloudy",
        "icon": "partly-cloudy-day",
        "precipIntensity": 0,
        "precipProbability": 0,
        "temperature": 45.76,
        "apparentTemperature": 43.99,
        "dewPoint": 21.03,
        "humidity": 0.37,
        "pressure": 1020.93,
        "windSpeed": 3.99,
        "windGust": 7.79,
        "windBearing": 275,
        "cloudCover": 0.55,
        "uvIndex": 0,
        "visibility": 10,
        "ozone": 298.8
      },
      {
        "time": 1545206400,
        "summary": "Partly Cloudy",
        "icon": "partly-cloudy-day",
        "precipIntensity": 0,
        "precipProbability": 0,
        "temperature": 42.3,
        "apparentTemperature": 40.63,
        "dewPoint": 21.07,
        "humidity": 0.42,
        "pressure": 1021.35,
        "windSpeed": 3.31,
        "windGust": 5.58,
        "windBearing": 355,
        "cloudCover": 0.57,
        "uvIndex": 0,
        "visibility": 10,
        "ozone": 297.82
      },
      {
        "time": 1545210000,
        "summary": "Partly Cloudy",
        "icon": "partly-cloudy-night",
        "precipIntensity": 0.0003,
        "precipProbability": 0.01,
        "precipType": "rain",
        "temperature": 39.34,
        "apparentTemperature": 39.34,
        "dewPoint": 21.24,
        "humidity": 0.48,
        "pressure": 1021.7,
        "windSpeed": 2.79,
        "windGust": 3.92,
        "windBearing": 353,
        "cloudCover": 0.58,
        "uvIndex": 0,
        "visibility": 10,
        "ozone": 296.73
      },
      {
        "time": 1545213600,
        "summary": "Partly Cloudy",
        "icon": "partly-cloudy-night",
        "precipIntensity": 0.001,
        "precipProbability": 0.01,
        "precipType": "rain",
        "temperature": 37.71,
        "apparentTemperature": 37.71,
        "dewPoint": 21.56,
        "humidity": 0.52,
        "pressure": 1021.91,
        "windSpeed": 2.69,
        "windGust": 3.41,
        "windBearing": 0,
        "cloudCover": 0.53,
        "uvIndex": 0,
        "visibility": 10,
        "ozone": 295.75
      },
      {
        "time": 1545217200,
        "summary": "Partly Cloudy",
        "icon": "partly-cloudy-night",
        "precipIntensity": 0.0025,
        "precipProbability": 0.01,
        "precipType": "rain",
        "temperature": 36.98,
        "apparentTemperature": 36.98,
        "dewPoint": 21.9,
        "humidity": 0.54,
        "pressure": 1022.05,
        "windSpeed": 2.78,
        "windGust": 3.46,
        "windBearing": 20,
        "cloudCover": 0.46,
        "uvIndex": 0,
        "visibility": 10,
        "ozone": 294.78
      },
      {
        "time": 1545220800,
        "summary": "Partly Cloudy",
        "icon": "partly-cloudy-night",
        "precipIntensity": 0.0034,
        "precipProbability": 0.01,
        "precipType": "rain",
        "temperature": 36.36,
        "apparentTemperature": 36.36,
        "dewPoint": 22.22,
        "humidity": 0.56,
        "pressure": 1022.1,
        "windSpeed": 2.81,
        "windGust": 3.51,
        "windBearing": 34,
        "cloudCover": 0.46,
        "uvIndex": 0,
        "visibility": 10,
        "ozone": 293.66
      },
      {
        "time": 1545224400,
        "summary": "Mostly Cloudy",
        "icon": "partly-cloudy-night",
        "precipIntensity": 0,
        "precipProbability": 0,
        "temperature": 35.61,
        "apparentTemperature": 35.61,
        "dewPoint": 22.4,
        "humidity": 0.58,
        "pressure": 1022.14,
        "windSpeed": 2.71,
        "windGust": 3.36,
        "windBearing": 38,
        "cloudCover": 0.61,
        "uvIndex": 0,
        "visibility": 10,
        "ozone": 292.19
      },
      {
        "time": 1545228000,
        "summary": "Mostly Cloudy",
        "icon": "partly-cloudy-night",
        "precipIntensity": 0,
        "precipProbability": 0,
        "temperature": 34.78,
        "apparentTemperature": 34.78,
        "dewPoint": 22.57,
        "humidity": 0.61,
        "pressure": 1022.1,
        "windSpeed": 2.56,
        "windGust": 3.22,
        "windBearing": 37,
        "cloudCover": 0.83,
        "uvIndex": 0,
        "visibility": 10,
        "ozone": 290.72
      },
      {
        "time": 1545231600,
        "summary": "Overcast",
        "icon": "cloudy",
        "precipIntensity": 0,
        "precipProbability": 0,
        "temperature": 34.11,
        "apparentTemperature": 34.11,
        "dewPoint": 22.61,
        "humidity": 0.62,
        "pressure": 1022.18,
        "windSpeed": 2.41,
        "windGust": 3.03,
        "windBearing": 38,
        "cloudCover": 0.99,
        "uvIndex": 0,
        "visibility": 10,
        "ozone": 289.11
      },
      {
        "time": 1545235200,
        "summary": "Overcast",
        "icon": "cloudy",
        "precipIntensity": 0,
        "precipProbability": 0,
        "temperature": 33.78,
        "apparentTemperature": 33.78,
        "dewPoint": 22.46,
        "humidity": 0.63,
        "pressure": 1022.36,
        "windSpeed": 2.27,
        "windGust": 2.75,
        "windBearing": 46,
        "cloudCover": 1,
        "uvIndex": 0,
        "visibility": 10,
        "ozone": 287.06
      },
      {
        "time": 1545238800,
        "summary": "Overcast",
        "icon": "cloudy",
        "precipIntensity": 0,
        "precipProbability": 0,
        "temperature": 33.71,
        "apparentTemperature": 33.71,
        "dewPoint": 22.29,
        "humidity": 0.62,
        "pressure": 1022.61,
        "windSpeed": 2.14,
        "windGust": 2.47,
        "windBearing": 58,
        "cloudCover": 1,
        "uvIndex": 0,
        "visibility": 10,
        "ozone": 284.87
      },
      {
        "time": 1545242400,
        "summary": "Overcast",
        "icon": "cloudy",
        "precipIntensity": 0,
        "precipProbability": 0,
        "temperature": 33.48,
        "apparentTemperature": 33.48,
        "dewPoint": 21.91,
        "humidity": 0.62,
        "pressure": 1022.84,
        "windSpeed": 2.07,
        "windGust": 2.34,
        "windBearing": 65,
        "cloudCover": 0.99,
        "uvIndex": 0,
        "visibility": 10,
        "ozone": 283.35
      },
      {
        "time": 1545246000,
        "summary": "Overcast",
        "icon": "cloudy",
        "precipIntensity": 0,
        "precipProbability": 0,
        "temperature": 32.83,
        "apparentTemperature": 32.83,
        "dewPoint": 21.29,
        "humidity": 0.62,
        "pressure": 1022.92,
        "windSpeed": 2.14,
        "windGust": 2.5,
        "windBearing": 64,
        "cloudCover": 0.99,
        "uvIndex": 0,
        "visibility": 10,
        "ozone": 282.75
      },
      {
        "time": 1545249600,
        "summary": "Overcast",
        "icon": "cloudy",
        "precipIntensity": 0,
        "precipProbability": 0,
        "temperature": 32.01,
        "apparentTemperature": 32.01,
        "dewPoint": 20.51,
        "humidity": 0.62,
        "pressure": 1022.97,
        "windSpeed": 2.29,
        "windGust": 2.82,
        "windBearing": 56,
        "cloudCover": 1,
        "uvIndex": 0,
        "visibility": 10,
        "ozone": 282.61
      },
      {
        "time": 1545253200,
        "summary": "Overcast",
        "icon": "cloudy",
        "precipIntensity": 0,
        "precipProbability": 0,
        "temperature": 31.17,
        "apparentTemperature": 31.17,
        "dewPoint": 19.95,
        "humidity": 0.63,
        "pressure": 1023.19,
        "windSpeed": 2.42,
        "windGust": 3.05,
        "windBearing": 51,
        "cloudCover": 1,
        "uvIndex": 0,
        "visibility": 10,
        "ozone": 283.06
      },
      {
        "time": 1545256800,
        "summary": "Overcast",
        "icon": "cloudy",
        "precipIntensity": 0,
        "precipProbability": 0,
        "temperature": 30.26,
        "apparentTemperature": 30.26,
        "dewPoint": 19.6,
        "humidity": 0.64,
        "pressure": 1023.64,
        "windSpeed": 2.45,
        "windGust": 3.07,
        "windBearing": 51,
        "cloudCover": 1,
        "uvIndex": 0,
        "visibility": 10,
        "ozone": 283.96
      },
      {
        "time": 1545260400,
        "summary": "Overcast",
        "icon": "cloudy",
        "precipIntensity": 0,
        "precipProbability": 0,
        "temperature": 29.94,
        "apparentTemperature": 29.94,
        "dewPoint": 19.36,
        "humidity": 0.64,
        "pressure": 1024.24,
        "windSpeed": 2.41,
        "windGust": 2.98,
        "windBearing": 53,
        "cloudCover": 1,
        "uvIndex": 0,
        "visibility": 10,
        "ozone": 285.36
      },
      {
        "time": 1545264000,
        "summary": "Overcast",
        "icon": "cloudy",
        "precipIntensity": 0,
        "precipProbability": 0,
        "temperature": 31.02,
        "apparentTemperature": 31.02,
        "dewPoint": 19.6,
        "humidity": 0.62,
        "pressure": 1024.7,
        "windSpeed": 2.39,
        "windGust": 2.84,
        "windBearing": 55,
        "cloudCover": 1,
        "uvIndex": 0,
        "visibility": 10,
        "ozone": 286.71
      },
      {
        "time": 1545267600,
        "summary": "Mostly Cloudy",
        "icon": "partly-cloudy-day",
        "precipIntensity": 0,
        "precipProbability": 0,
        "temperature": 34.43,
        "apparentTemperature": 34.43,
        "dewPoint": 20.58,
        "humidity": 0.56,
        "pressure": 1024.98,
        "windSpeed": 2.35,
        "windGust": 2.59,
        "windBearing": 56,
        "cloudCover": 0.74,
        "uvIndex": 1,
        "visibility": 10,
        "ozone": 287.72
      },
      {
        "time": 1545271200,
        "summary": "Partly Cloudy",
        "icon": "partly-cloudy-day",
        "precipIntensity": 0,
        "precipProbability": 0,
        "temperature": 38.97,
        "apparentTemperature": 38.97,
        "dewPoint": 21.88,
        "humidity": 0.5,
        "pressure": 1025.12,
        "windSpeed": 2.27,
        "windGust": 2.32,
        "windBearing": 60,
        "cloudCover": 0.37,
        "uvIndex": 2,
        "visibility": 10,
        "ozone": 288.74
      },
      {
        "time": 1545274800,
        "summary": "Clear",
        "icon": "clear-day",
        "precipIntensity": 0,
        "precipProbability": 0,
        "temperature": 43.24,
        "apparentTemperature": 43.24,
        "dewPoint": 22.67,
        "humidity": 0.44,
        "pressure": 1025.07,
        "windSpeed": 2.22,
        "windGust": 2.24,
        "windBearing": 57,
        "cloudCover": 0.11,
        "uvIndex": 2,
        "visibility": 10,
        "ozone": 289.65
      },
      {
        "time": 1545278400,
        "summary": "Clear",
        "icon": "clear-day",
        "precipIntensity": 0,
        "precipProbability": 0,
        "temperature": 45.83,
        "apparentTemperature": 45.83,
        "dewPoint": 22.4,
        "humidity": 0.39,
        "pressure": 1024.64,
        "windSpeed": 2.32,
        "windGust": 2.34,
        "windBearing": 36,
        "cloudCover": 0.04,
        "uvIndex": 2,
        "visibility": 10,
        "ozone": 290.77
      },
      {
        "time": 1545282000,
        "summary": "Clear",
        "icon": "clear-day",
        "precipIntensity": 0,
        "precipProbability": 0,
        "temperature": 47.34,
        "apparentTemperature": 47.34,
        "dewPoint": 21.65,
        "humidity": 0.36,
        "pressure": 1024.09,
        "windSpeed": 2.47,
        "windGust": 2.67,
        "windBearing": 11,
        "cloudCover": 0.08,
        "uvIndex": 2,
        "visibility": 10,
        "ozone": 291.73
      },
      {
        "time": 1545285600,
        "summary": "Clear",
        "icon": "clear-day",
        "precipIntensity": 0,
        "precipProbability": 0,
        "temperature": 48.3,
        "apparentTemperature": 48.3,
        "dewPoint": 20.95,
        "humidity": 0.34,
        "pressure": 1023.77,
        "windSpeed": 2.54,
        "windGust": 2.91,
        "windBearing": 355,
        "cloudCover": 0.11,
        "uvIndex": 1,
        "visibility": 10,
        "ozone": 292.28
      },
      {
        "time": 1545289200,
        "summary": "Clear",
        "icon": "clear-day",
        "precipIntensity": 0,
        "precipProbability": 0,
        "temperature": 46.82,
        "apparentTemperature": 46.82,
        "dewPoint": 20.55,
        "humidity": 0.35,
        "pressure": 1023.92,
        "windSpeed": 2.47,
        "windGust": 2.81,
        "windBearing": 353,
        "cloudCover": 0.08,
        "uvIndex": 0,
        "visibility": 10,
        "ozone": 291.85
      }
    ]
  },
  "daily": {
    "summary": "No precipitation throughout the week, with high temperatures peaking at 50°F on Friday.",
    "icon": "clear-day",
    "data": [
      {
        "time": 1545058800,
        "summary": "Partly cloudy throughout the day.",
        "icon": "partly-cloudy-day",
        "sunriseTime": 1545086538,
        "sunsetTime": 1545121018,
        "moonPhase": 0.34,
        "precipIntensity": 0.0001,
        "precipIntensityMax": 0.0005,
        "precipIntensityMaxTime": 1545134400,
        "precipProbability": 0.03,
        "precipAccumulation": 0.01,
        "precipType": "snow",
        "temperatureHigh": 46,
        "temperatureHighTime": 1545112800,
        "temperatureLow": 27.91,
        "temperatureLowTime": 1545174000,
        "apparentTemperatureHigh": 41.6,
        "apparentTemperatureHighTime": 1545116400,
        "apparentTemperatureLow": 23.74,
        "apparentTemperatureLowTime": 1545170400,
        "dewPoint": 21.99,
        "humidity": 0.66,
        "pressure": 1020.43,
        "windSpeed": 3.26,
        "windGust": 13.43,
        "windGustTime": 1545058800,
        "windBearing": 232,
        "cloudCover": 0.37,
        "uvIndex": 2,
        "uvIndexTime": 1545102000,
        "visibility": 7.89,
        "ozone": 330.56,
        "temperatureMin": 20.8,
        "temperatureMinTime": 1545084000,
        "temperatureMax": 46,
        "temperatureMaxTime": 1545112800,
        "apparentTemperatureMin": 20.8,
        "apparentTemperatureMinTime": 1545084000,
        "apparentTemperatureMax": 41.6,
        "apparentTemperatureMaxTime": 1545116400
      },
      {
        "time": 1545145200,
        "summary": "Partly cloudy throughout the day.",
        "icon": "partly-cloudy-day",
        "sunriseTime": 1545172972,
        "sunsetTime": 1545207441,
        "moonPhase": 0.37,
        "precipIntensity": 0.0004,
        "precipIntensityMax": 0.0034,
        "precipIntensityMaxTime": 1545220800,
        "precipProbability": 0.01,
        "precipType": "rain",
        "temperatureHigh": 47.24,
        "temperatureHighTime": 1545199200,
        "temperatureLow": 29.94,
        "temperatureLowTime": 1545260400,
        "apparentTemperatureHigh": 45.37,
        "apparentTemperatureHighTime": 1545199200,
        "apparentTemperatureLow": 29.94,
        "apparentTemperatureLowTime": 1545260400,
        "dewPoint": 22.17,
        "humidity": 0.59,
        "pressure": 1021.17,
        "windSpeed": 2.75,
        "windGust": 9.69,
        "windGustTime": 1545195600,
        "windBearing": 313,
        "cloudCover": 0.38,
        "uvIndex": 2,
        "uvIndexTime": 1545184800,
        "visibility": 10,
        "ozone": 306.4,
        "temperatureMin": 27.91,
        "temperatureMinTime": 1545174000,
        "temperatureMax": 47.24,
        "temperatureMaxTime": 1545199200,
        "apparentTemperatureMin": 23.74,
        "apparentTemperatureMinTime": 1545170400,
        "apparentTemperatureMax": 45.37,
        "apparentTemperatureMaxTime": 1545199200
      },
      {
        "time": 1545231600,
        "summary": "Mostly cloudy in the morning.",
        "icon": "partly-cloudy-night",
        "sunriseTime": 1545259405,
        "sunsetTime": 1545293865,
        "moonPhase": 0.4,
        "precipIntensity": 0,
        "precipIntensityMax": 0,
        "precipProbability": 0,
        "temperatureHigh": 48.3,
        "temperatureHighTime": 1545285600,
        "temperatureLow": 28.43,
        "temperatureLowTime": 1545336000,
        "apparentTemperatureHigh": 48.3,
        "apparentTemperatureHighTime": 1545285600,
        "apparentTemperatureLow": 28.43,
        "apparentTemperatureLowTime": 1545336000,
        "dewPoint": 20.22,
        "humidity": 0.52,
        "pressure": 1024.12,
        "windSpeed": 2.2,
        "windGust": 3.71,
        "windGustTime": 1545314400,
        "windBearing": 42,
        "cloudCover": 0.48,
        "uvIndex": 2,
        "uvIndexTime": 1545271200,
        "visibility": 10,
        "ozone": 286.71,
        "temperatureMin": 29.94,
        "temperatureMinTime": 1545260400,
        "temperatureMax": 48.3,
        "temperatureMaxTime": 1545285600,
        "apparentTemperatureMin": 29.94,
        "apparentTemperatureMinTime": 1545260400,
        "apparentTemperatureMax": 48.3,
        "apparentTemperatureMaxTime": 1545285600
      },
      {
        "time": 1545318000,
        "summary": "Mostly cloudy throughout the day.",
        "icon": "partly-cloudy-day",
        "sunriseTime": 1545345836,
        "sunsetTime": 1545380292,
        "moonPhase": 0.44,
        "precipIntensity": 0,
        "precipIntensityMax": 0.0001,
        "precipIntensityMaxTime": 1545350400,
        "precipProbability": 0,
        "temperatureHigh": 50.11,
        "temperatureHighTime": 1545372000,
        "temperatureLow": 31.1,
        "temperatureLowTime": 1545429600,
        "apparentTemperatureHigh": 50.11,
        "apparentTemperatureHighTime": 1545372000,
        "apparentTemperatureLow": 31.1,
        "apparentTemperatureLowTime": 1545429600,
        "dewPoint": 18.87,
        "humidity": 0.49,
        "pressure": 1023.82,
        "windSpeed": 1.98,
        "windGust": 3.99,
        "windGustTime": 1545328800,
        "windBearing": 37,
        "cloudCover": 0.67,
        "uvIndex": 2,
        "uvIndexTime": 1545357600,
        "visibility": 10,
        "ozone": 273.33,
        "temperatureMin": 28.43,
        "temperatureMinTime": 1545336000,
        "temperatureMax": 50.11,
        "temperatureMaxTime": 1545372000,
        "apparentTemperatureMin": 28.43,
        "apparentTemperatureMinTime": 1545336000,
        "apparentTemperatureMax": 50.11,
        "apparentTemperatureMaxTime": 1545372000
      },
      {
        "time": 1545404400,
        "summary": "Mostly cloudy throughout the day.",
        "icon": "partly-cloudy-day",
        "sunriseTime": 1545432266,
        "sunsetTime": 1545466720,
        "moonPhase": 0.47,
        "precipIntensity": 0,
        "precipIntensityMax": 0,
        "precipProbability": 0,
        "temperatureHigh": 49.38,
        "temperatureHighTime": 1545458400,
        "temperatureLow": 31.72,
        "temperatureLowTime": 1545519600,
        "apparentTemperatureHigh": 47.8,
        "apparentTemperatureHighTime": 1545458400,
        "apparentTemperatureLow": 28.82,
        "apparentTemperatureLowTime": 1545519600,
        "dewPoint": 22.18,
        "humidity": 0.53,
        "pressure": 1024.58,
        "windSpeed": 3.07,
        "windGust": 13.74,
        "windGustTime": 1545469200,
        "windBearing": 335,
        "cloudCover": 0.66,
        "uvIndex": 2,
        "uvIndexTime": 1545447600,
        "visibility": 10,
        "ozone": 275.96,
        "temperatureMin": 31.1,
        "temperatureMinTime": 1545429600,
        "temperatureMax": 49.38,
        "temperatureMaxTime": 1545458400,
        "apparentTemperatureMin": 31.1,
        "apparentTemperatureMinTime": 1545429600,
        "apparentTemperatureMax": 47.8,
        "apparentTemperatureMaxTime": 1545458400
      },
      {
        "time": 1545490800,
        "summary": "Clear throughout the day.",
        "icon": "clear-day",
        "sunriseTime": 1545518693,
        "sunsetTime": 1545553150,
        "moonPhase": 0.51,
        "precipIntensity": 0,
        "precipIntensityMax": 0.0001,
        "precipIntensityMaxTime": 1545512400,
        "precipProbability": 0,
        "temperatureHigh": 42.61,
        "temperatureHighTime": 1545544800,
        "temperatureLow": 25.64,
        "temperatureLowTime": 1545606000,
        "apparentTemperatureHigh": 37.56,
        "apparentTemperatureHighTime": 1545541200,
        "apparentTemperatureLow": 21.69,
        "apparentTemperatureLowTime": 1545602400,
        "dewPoint": 13.98,
        "humidity": 0.43,
        "pressure": 1025.73,
        "windSpeed": 5.43,
        "windGust": 14.91,
        "windGustTime": 1545501600,
        "windBearing": 313,
        "cloudCover": 0.1,
        "uvIndex": 2,
        "uvIndexTime": 1545530400,
        "visibility": 10,
        "ozone": 292.7,
        "temperatureMin": 30.33,
        "temperatureMinTime": 1545573600,
        "temperatureMax": 42.61,
        "temperatureMaxTime": 1545544800,
        "apparentTemperatureMin": 24.35,
        "apparentTemperatureMinTime": 1545573600,
        "apparentTemperatureMax": 37.56,
        "apparentTemperatureMaxTime": 1545541200
      },
      {
        "time": 1545577200,
        "summary": "Partly cloudy overnight.",
        "icon": "partly-cloudy-night",
        "sunriseTime": 1545605119,
        "sunsetTime": 1545639582,
        "moonPhase": 0.55,
        "precipIntensity": 0,
        "precipIntensityMax": 0,
        "precipProbability": 0,
        "temperatureHigh": 39.35,
        "temperatureHighTime": 1545631200,
        "temperatureLow": 27.97,
        "temperatureLowTime": 1545663600,
        "apparentTemperatureHigh": 35.67,
        "apparentTemperatureHighTime": 1545634800,
        "apparentTemperatureLow": 27.97,
        "apparentTemperatureLowTime": 1545663600,
        "dewPoint": 1.51,
        "humidity": 0.29,
        "pressure": 1027.39,
        "windSpeed": 3.52,
        "windGust": 10.02,
        "windGustTime": 1545631200,
        "windBearing": 322,
        "cloudCover": 0,
        "uvIndex": 2,
        "uvIndexTime": 1545616800,
        "visibility": 10,
        "ozone": 314.53,
        "temperatureMin": 25.64,
        "temperatureMinTime": 1545606000,
        "temperatureMax": 39.35,
        "temperatureMaxTime": 1545631200,
        "apparentTemperatureMin": 21.69,
        "apparentTemperatureMinTime": 1545602400,
        "apparentTemperatureMax": 35.67,
        "apparentTemperatureMaxTime": 1545634800
      },
      {
        "time": 1545663600,
        "summary": "Mostly cloudy throughout the day.",
        "icon": "partly-cloudy-day",
        "sunriseTime": 1545691543,
        "sunsetTime": 1545726016,
        "moonPhase": 0.59,
        "precipIntensity": 0.0001,
        "precipIntensityMax": 0.0001,
        "precipIntensityMaxTime": 1545674400,
        "precipProbability": 0.04,
        "precipAccumulation": 0.006,
        "precipType": "snow",
        "temperatureHigh": 42.34,
        "temperatureHighTime": 1545717600,
        "temperatureLow": 26.29,
        "temperatureLowTime": 1545778800,
        "apparentTemperatureHigh": 42.34,
        "apparentTemperatureHighTime": 1545717600,
        "apparentTemperatureLow": 21.29,
        "apparentTemperatureLowTime": 1545778800,
        "dewPoint": 17.97,
        "humidity": 0.52,
        "pressure": 1024.95,
        "windSpeed": 1.2,
        "windGust": 6.76,
        "windGustTime": 1545746400,
        "windBearing": 74,
        "cloudCover": 0.82,
        "uvIndex": 2,
        "uvIndexTime": 1545706800,
        "visibility": 10,
        "ozone": 298.21,
        "temperatureMin": 27.97,
        "temperatureMinTime": 1545663600,
        "temperatureMax": 42.34,
        "temperatureMaxTime": 1545717600,
        "apparentTemperatureMin": 26.48,
        "apparentTemperatureMinTime": 1545746400,
        "apparentTemperatureMax": 42.34,
        "apparentTemperatureMaxTime": 1545717600
      }
    ]
  },
  "flags": {
    "sources": [
      "cmc",
      "gfs",
      "icon",
      "isd",
      "madis"
    ],
    "nearest-station": 3.509,
    "units": "us"
  },
  "offset": 9
}